{
  "report_metadata": {
    "generated_at": "2025-12-12T17:40:46.039694",
    "report_type": "Reproducibility and Robustness Analysis"
  },
  "configuration_summary": {
    "random_seeds_tested": [
      42,
      123,
      456,
      789,
      1024
    ],
    "n_bootstrap_iterations": 1000,
    "confidence_level": 0.95,
    "model_parameters": {
      "attention_heads": 8,
      "hidden_dim": 256,
      "timesteps": 1000
    }
  },
  "robustness_analysis": {
    "best_val_loss": {
      "mean": 0.03564971141517162,
      "std": 0.0028777084960703737,
      "min": 0.03337044653017074,
      "max": 0.04120985600166023,
      "ci_lower": 0.03373449308797717,
      "ci_upper": 0.03847537539433688,
      "n_seeds": 5,
      "values": [
        0.03350531340111047,
        0.03337044653017074,
        0.034920945577323434,
        0.04120985600166023,
        0.035241995565593244
      ]
    },
    "best_syn_val_loss": {
      "mean": 0.03951583657413721,
      "std": 0.006884100485428638,
      "min": 0.031304889777675274,
      "max": 0.05221602544188499,
      "ci_lower": 0.033890392351895574,
      "ci_upper": 0.04643707375042141,
      "n_seeds": 5,
      "values": [
        0.038525169668719175,
        0.031304889777675274,
        0.03701212275773287,
        0.05221602544188499,
        0.03852097522467375
      ]
    },
    "best_celeba_val_loss": {
      "mean": 0.03178358625620604,
      "std": 0.0023596856130293207,
      "min": 0.028485457133501767,
      "max": 0.035436003282666204,
      "ci_lower": 0.02985598879074678,
      "ci_upper": 0.03369891185313463,
      "n_seeds": 5,
      "values": [
        0.028485457133501767,
        0.035436003282666204,
        0.032829768396914004,
        0.03020368656143546,
        0.03196301590651274
      ]
    },
    "synthetic_complexity": {
      "mean": "96.25868",
      "std": "32.9847",
      "min": "52.293705",
      "max": "137.56528",
      "ci_lower": "67.23015",
      "ci_upper": "125.28721",
      "n_seeds": 5,
      "values": [
        "137.56528",
        "68.223206",
        "95.11692",
        "128.0943",
        "52.293705"
      ]
    },
    "celeba_complexity": {
      "mean": "94.91242",
      "std": "30.3511",
      "min": "60.095074",
      "max": "131.42834",
      "ci_lower": "69.13011",
      "ci_upper": "120.65045",
      "n_seeds": 5,
      "values": [
        "131.42834",
        "73.739334",
        "77.98175",
        "131.31763",
        "60.095074"
      ]
    },
    "complexity_ratio": {
      "mean": "1.0060885",
      "std": "0.11285803",
      "min": "0.8198515",
      "max": "1.1491838",
      "ci_lower": "0.9019764",
      "ci_upper": "1.0970479",
      "n_seeds": 5,
      "values": [
        "0.95538896",
        "1.0808542",
        "0.8198515",
        "1.0251637",
        "1.1491838"
      ]
    },
    "mean_attention_entropy": {
      "mean": "13.096033",
      "std": "0.074515946",
      "min": "12.955652",
      "max": "13.15896",
      "ci_lower": "13.022217",
      "ci_upper": "13.148953",
      "n_seeds": 5,
      "values": [
        "13.133911",
        "12.955652",
        "13.15896",
        "13.146469",
        "13.085172"
      ]
    }
  },
  "metrics_with_uncertainty": {
    "complexity_ratio": {
      "mean": 1.0077202443703832,
      "std": 0.020067434218604265,
      "se": 0.010258791722448394,
      "ci_lower": 0.9883204542613896,
      "ci_upper": 1.0271200344793767,
      "n": 4
    },
    "synthetic_complexity": {
      "mean": 0.10643259375674323,
      "std": 0.002725303244376618,
      "se": 0.0013363952037086495,
      "ci_lower": 0.10328333090501984,
      "ci_upper": 0.10826173866389212,
      "n": 4
    },
    "celeba_complexity": {
      "mean": 0.10727636534229584,
      "std": 0.00407459750774263,
      "se": 0.0020995499856042463,
      "ci_lower": 0.10351595947240218,
      "ci_upper": 0.11131972699058633,
      "n": 4
    }
  }
}